6324,,20181029,1500,14500,2963
6324,,20181029,1459,400,2963
6324,,20181029,1459,300,2963
6324,,20181029,1459,100,2969
6324,,20181029,1459,100,2963
6324,,20181029,1459,100,2963
6324,,20181029,1459,300,2968
6324,,20181029,1459,100,2968
6324,,20181029,1459,100,2964
6324,,20181029,1459,100,2964
6324,,20181029,1459,100,2969
6324,,20181029,1459,100,2964
6324,,20181029,1459,100,2964
6324,,20181029,1459,100,2970
6324,,20181029,1459,100,2970
6324,,20181029,1459,100,2967
6324,,20181029,1459,200,2967
6324,,20181029,1459,300,2967
6324,,20181029,1458,100,2967
6324,,20181029,1458,100,2964
6324,,20181029,1458,300,2965
6324,,20181029,1458,100,2967
6324,,20181029,1458,100,2965
6324,,20181029,1458,100,2967
6324,,20181029,1458,500,2966
6324,,20181029,1458,100,2966
6324,,20181029,1458,100,2966
6324,,20181029,1458,100,2966
6324,,20181029,1458,100,2962
6324,,20181029,1457,200,2965
6324,,20181029,1457,200,2963
6324,,20181029,1457,100,2965
6324,,20181029,1457,100,2965
6324,,20181029,1457,200,2963
6324,,20181029,1456,400,2964
6324,,20181029,1456,100,2965
6324,,20181029,1456,200,2964
6324,,20181029,1456,200,2968
6324,,20181029,1456,100,2968
6324,,20181029,1456,100,2969
6324,,20181029,1456,700,2963
6324,,20181029,1455,100,2966
6324,,20181029,1455,300,2963
6324,,20181029,1455,100,2958
6324,,20181029,1455,100,2957
6324,,20181029,1455,200,2957
6324,,20181029,1455,100,2957
6324,,20181029,1455,100,2955
6324,,20181029,1455,100,2955
6324,,20181029,1455,100,2954
6324,,20181029,1455,700,2954
6324,,20181029,1455,300,2953
6324,,20181029,1455,100,2954
6324,,20181029,1455,400,2950
6324,,20181029,1455,100,2950
6324,,20181029,1455,100,2952
6324,,20181029,1455,100,2951
6324,,20181029,1455,100,2948
6324,,20181029,1455,500,2947
6324,,20181029,1455,500,2947
6324,,20181029,1455,200,2947
6324,,20181029,1455,100,2947
6324,,20181029,1455,100,2947
6324,,20181029,1455,100,2947
6324,,20181029,1455,100,2947
6324,,20181029,1455,100,2947
6324,,20181029,1454,100,2947
6324,,20181029,1454,200,2946
6324,,20181029,1454,300,2946
6324,,20181029,1454,100,2946
6324,,20181029,1454,100,2946
6324,,20181029,1454,100,2949
6324,,20181029,1454,200,2947
6324,,20181029,1454,300,2947
6324,,20181029,1454,500,2947
6324,,20181029,1453,100,2949
6324,,20181029,1453,100,2949
6324,,20181029,1453,200,2949
6324,,20181029,1453,200,2950
6324,,20181029,1453,500,2949
6324,,20181029,1453,100,2949
6324,,20181029,1453,200,2947
6324,,20181029,1452,100,2946
6324,,20181029,1452,300,2947
6324,,20181029,1452,1700,2946
6324,,20181029,1452,200,2945
6324,,20181029,1452,100,2944
6324,,20181029,1452,100,2946
6324,,20181029,1452,100,2943
6324,,20181029,1452,100,2944
6324,,20181029,1452,200,2946
6324,,20181029,1452,1100,2946
6324,,20181029,1452,200,2944
6324,,20181029,1451,100,2946
6324,,20181029,1451,100,2946
6324,,20181029,1451,100,2946
6324,,20181029,1451,100,2948
6324,,20181029,1451,400,2948
6324,,20181029,1451,600,2948
6324,,20181029,1451,100,2946
6324,,20181029,1451,100,2948
6324,,20181029,1451,100,2948
6324,,20181029,1451,800,2949
6324,,20181029,1451,700,2949
6324,,20181029,1451,100,2946
6324,,20181029,1451,100,2946
6324,,20181029,1450,500,2948
6324,,20181029,1450,600,2948
6324,,20181029,1450,100,2947
6324,,20181029,1450,100,2948
6324,,20181029,1450,100,2948
6324,,20181029,1450,200,2949
6324,,20181029,1450,100,2950
6324,,20181029,1450,200,2949
6324,,20181029,1450,100,2949
6324,,20181029,1450,200,2951
6324,,20181029,1450,200,2951
6324,,20181029,1450,200,2950
6324,,20181029,1450,100,2951
6324,,20181029,1450,100,2954
6324,,20181029,1450,100,2950
6324,,20181029,1450,100,2950
6324,,20181029,1450,100,2950
6324,,20181029,1450,100,2950
6324,,20181029,1450,100,2950
6324,,20181029,1450,100,2950
6324,,20181029,1450,200,2950
6324,,20181029,1449,300,2951
6324,,20181029,1449,100,2952
6324,,20181029,1449,100,2952
6324,,20181029,1449,100,2953
6324,,20181029,1449,100,2952
6324,,20181029,1449,100,2952
6324,,20181029,1448,200,2952
6324,,20181029,1448,300,2953
6324,,20181029,1448,800,2956
6324,,20181029,1448,100,2953
6324,,20181029,1448,200,2955
6324,,20181029,1447,100,2953
6324,,20181029,1447,100,2957
6324,,20181029,1447,100,2957
6324,,20181029,1447,300,2957
6324,,20181029,1446,100,2957
6324,,20181029,1446,100,2957
6324,,20181029,1446,100,2954
6324,,20181029,1446,100,2955
6324,,20181029,1446,100,2955
6324,,20181029,1446,100,2955
6324,,20181029,1446,100,2955
6324,,20181029,1446,100,2955
6324,,20181029,1446,100,2957
6324,,20181029,1446,100,2956
6324,,20181029,1445,100,2956
6324,,20181029,1445,200,2958
6324,,20181029,1445,100,2959
6324,,20181029,1445,400,2960
6324,,20181029,1445,200,2961
6324,,20181029,1445,300,2961
6324,,20181029,1445,200,2961
6324,,20181029,1445,200,2963
6324,,20181029,1445,100,2964
6324,,20181029,1445,100,2967
6324,,20181029,1445,300,2964
6324,,20181029,1444,100,2963
6324,,20181029,1444,100,2964
6324,,20181029,1444,100,2964
6324,,20181029,1444,100,2965
6324,,20181029,1444,100,2965
6324,,20181029,1444,100,2966
6324,,20181029,1444,600,2968
6324,,20181029,1444,100,2965
6324,,20181029,1444,200,2966
6324,,20181029,1444,100,2966
6324,,20181029,1444,300,2966
6324,,20181029,1444,100,2969
6324,,20181029,1444,100,2969
6324,,20181029,1444,300,2969
6324,,20181029,1444,1100,2969
6324,,20181029,1443,100,2965
6324,,20181029,1443,200,2966
6324,,20181029,1443,100,2967
6324,,20181029,1443,100,2967
6324,,20181029,1443,100,2968
6324,,20181029,1443,100,2969
6324,,20181029,1442,100,2970
6324,,20181029,1442,100,2969
6324,,20181029,1442,100,2969
6324,,20181029,1442,100,2970
6324,,20181029,1442,100,2970
6324,,20181029,1442,100,2971
6324,,20181029,1442,100,2971
6324,,20181029,1442,200,2971
6324,,20181029,1441,100,2970
6324,,20181029,1441,100,2970
6324,,20181029,1441,100,2973
6324,,20181029,1440,1600,2971
6324,,20181029,1440,800,2972
6324,,20181029,1440,300,2973
6324,,20181029,1440,100,2973
6324,,20181029,1440,600,2972
6324,,20181029,1440,200,2971
6324,,20181029,1440,200,2970
6324,,20181029,1440,100,2970
6324,,20181029,1440,3700,2970
6324,,20181029,1440,100,2970
6324,,20181029,1440,100,2970
6324,,20181029,1440,800,2970
6324,,20181029,1440,100,2970
6324,,20181029,1440,100,2970
6324,,20181029,1440,100,2970
6324,,20181029,1440,100,2970
6324,,20181029,1440,500,2970
6324,,20181029,1439,200,2971
6324,,20181029,1439,1200,2972
6324,,20181029,1439,200,2970
6324,,20181029,1439,600,2970
6324,,20181029,1439,200,2970
6324,,20181029,1439,200,2971
6324,,20181029,1439,100,2971
6324,,20181029,1438,100,2973
6324,,20181029,1438,100,2973
6324,,20181029,1438,100,2973
6324,,20181029,1438,200,2973
6324,,20181029,1438,700,2973
6324,,20181029,1438,100,2973
6324,,20181029,1438,100,2971
6324,,20181029,1438,100,2973
6324,,20181029,1438,100,2973
6324,,20181029,1438,200,2972
6324,,20181029,1438,100,2973
6324,,20181029,1438,200,2973
6324,,20181029,1438,100,2974
6324,,20181029,1438,100,2975
6324,,20181029,1437,100,2971
6324,,20181029,1437,100,2972
6324,,20181029,1437,300,2972
6324,,20181029,1437,200,2974
6324,,20181029,1436,100,2974
6324,,20181029,1436,300,2975
6324,,20181029,1436,100,2975
6324,,20181029,1436,100,2974
6324,,20181029,1436,100,2974
6324,,20181029,1436,100,2974
6324,,20181029,1435,200,2976
6324,,20181029,1434,200,2977
6324,,20181029,1434,200,2976
6324,,20181029,1434,100,2977
6324,,20181029,1434,200,2977
6324,,20181029,1434,100,2977
6324,,20181029,1434,100,2979
6324,,20181029,1433,100,2980
6324,,20181029,1433,100,2979
6324,,20181029,1433,100,2979
6324,,20181029,1433,100,2979
6324,,20181029,1433,200,2979
6324,,20181029,1432,300,2976
6324,,20181029,1432,200,2977
6324,,20181029,1431,100,2979
6324,,20181029,1431,100,2979
6324,,20181029,1431,100,2979
6324,,20181029,1431,100,2980
6324,,20181029,1431,100,2980
6324,,20181029,1431,100,2980
6324,,20181029,1431,100,2982
6324,,20181029,1431,100,2982
6324,,20181029,1430,200,2978
6324,,20181029,1430,200,2979
6324,,20181029,1430,200,2980
6324,,20181029,1430,400,2983
6324,,20181029,1430,500,2981
6324,,20181029,1429,100,2980
6324,,20181029,1429,100,2980
6324,,20181029,1429,100,2980
6324,,20181029,1429,100,2984
6324,,20181029,1429,100,2984
6324,,20181029,1429,100,2984
6324,,20181029,1428,400,2986
6324,,20181029,1428,100,2986
6324,,20181029,1428,100,2985
6324,,20181029,1428,100,2985
6324,,20181029,1428,100,2985
6324,,20181029,1428,100,2986
6324,,20181029,1428,100,2986
6324,,20181029,1428,100,2986
6324,,20181029,1427,800,2987
6324,,20181029,1427,100,2986
6324,,20181029,1427,300,2985
6324,,20181029,1426,200,2987
6324,,20181029,1426,200,2987
6324,,20181029,1425,200,2990
6324,,20181029,1425,100,2990
6324,,20181029,1425,100,2989
6324,,20181029,1425,100,2989
6324,,20181029,1425,800,2990
6324,,20181029,1425,100,2989
6324,,20181029,1425,100,2990
6324,,20181029,1425,500,2988
6324,,20181029,1425,100,2989
6324,,20181029,1425,200,2991
6324,,20181029,1425,200,2992
6324,,20181029,1424,100,2995
6324,,20181029,1423,100,2996
6324,,20181029,1423,700,2996
6324,,20181029,1423,100,2996
6324,,20181029,1422,100,2995
6324,,20181029,1422,100,2995
6324,,20181029,1422,100,2995
6324,,20181029,1422,200,2996
6324,,20181029,1422,500,2996
6324,,20181029,1422,200,3000
6324,,20181029,1421,200,3000
6324,,20181029,1421,100,2999
6324,,20181029,1420,100,3000
6324,,20181029,1420,100,3000
6324,,20181029,1420,300,3000
6324,,20181029,1420,100,3000
6324,,20181029,1420,300,3000
6324,,20181029,1420,100,3005
6324,,20181029,1419,200,3005
6324,,20181029,1419,200,3005
6324,,20181029,1419,1000,3005
6324,,20181029,1418,100,3005
6324,,20181029,1417,100,2999
6324,,20181029,1417,100,3000
6324,,20181029,1417,100,3000
6324,,20181029,1417,300,3000
6324,,20181029,1416,100,3000
6324,,20181029,1415,100,3000
6324,,20181029,1415,200,3000
6324,,20181029,1414,100,2999
6324,,20181029,1413,100,2999
6324,,20181029,1413,100,2999
6324,,20181029,1413,100,2999
6324,,20181029,1413,200,2999
6324,,20181029,1413,100,2997
6324,,20181029,1413,400,2999
6324,,20181029,1413,100,3000
6324,,20181029,1412,300,3000
6324,,20181029,1412,200,3005
6324,,20181029,1411,100,3010
6324,,20181029,1411,100,3010
6324,,20181029,1411,500,3005
6324,,20181029,1411,200,3005
6324,,20181029,1411,200,3005
6324,,20181029,1411,100,3005
6324,,20181029,1411,100,3000
6324,,20181029,1411,100,3000
6324,,20181029,1411,100,3000
6324,,20181029,1411,400,3000
6324,,20181029,1410,100,3000
6324,,20181029,1410,1200,2999
6324,,20181029,1410,100,3005
6324,,20181029,1410,200,3005
6324,,20181029,1410,1100,3005
6324,,20181029,1410,200,3000
6324,,20181029,1410,300,2999
6324,,20181029,1410,1600,3000
6324,,20181029,1410,600,3000
6324,,20181029,1410,500,3000
6324,,20181029,1410,200,3005
6324,,20181029,1410,700,3005
6324,,20181029,1410,400,3000
6324,,20181029,1410,100,3000
6324,,20181029,1410,400,2999
6324,,20181029,1410,100,2997
6324,,20181029,1410,100,2996
6324,,20181029,1410,100,2995
6324,,20181029,1410,100,2993
6324,,20181029,1410,100,2993
6324,,20181029,1410,100,2990
6324,,20181029,1410,100,2990
6324,,20181029,1410,200,2992
6324,,20181029,1409,300,2995
6324,,20181029,1408,300,2994
6324,,20181029,1407,100,2997
6324,,20181029,1407,100,2997
6324,,20181029,1407,300,2995
6324,,20181029,1406,100,2990
6324,,20181029,1406,100,2990
6324,,20181029,1406,100,2990
6324,,20181029,1406,300,2991
6324,,20181029,1406,300,2994
6324,,20181029,1406,100,2991
6324,,20181029,1406,200,2990
6324,,20181029,1406,100,2989
6324,,20181029,1406,200,2983
6324,,20181029,1406,700,2980
6324,,20181029,1406,300,2977
6324,,20181029,1406,100,2977
6324,,20181029,1405,100,2976
6324,,20181029,1405,100,2977
6324,,20181029,1405,300,2979
6324,,20181029,1404,100,2980
6324,,20181029,1404,100,2980
6324,,20181029,1404,100,2983
6324,,20181029,1403,100,2981
6324,,20181029,1403,200,2980
6324,,20181029,1403,100,2980
6324,,20181029,1403,200,2982
6324,,20181029,1403,400,2983
6324,,20181029,1403,100,2986
6324,,20181029,1403,100,2983
6324,,20181029,1402,500,2982
6324,,20181029,1402,100,2981
6324,,20181029,1402,100,2980
6324,,20181029,1402,300,2980
6324,,20181029,1402,300,2980
6324,,20181029,1402,100,2978
6324,,20181029,1401,100,2977
6324,,20181029,1401,100,2977
6324,,20181029,1401,100,2977
6324,,20181029,1401,2000,2976
6324,,20181029,1401,100,2974
6324,,20181029,1401,100,2973
6324,,20181029,1401,100,2970
6324,,20181029,1400,100,2973
6324,,20181029,1400,100,2971
6324,,20181029,1400,200,2972
6324,,20181029,1359,100,2975
6324,,20181029,1359,100,2975
6324,,20181029,1359,1200,2975
6324,,20181029,1359,400,2974
6324,,20181029,1359,100,2972
6324,,20181029,1359,700,2972
6324,,20181029,1359,300,2971
6324,,20181029,1359,100,2969
6324,,20181029,1359,300,2970
6324,,20181029,1359,700,2974
6324,,20181029,1359,400,2971
6324,,20181029,1358,300,2974
6324,,20181029,1358,100,2973
6324,,20181029,1358,300,2970
6324,,20181029,1358,500,2970
6324,,20181029,1358,100,2970
6324,,20181029,1358,100,2971
6324,,20181029,1358,100,2974
6324,,20181029,1358,100,2974
6324,,20181029,1358,200,2977
6324,,20181029,1358,100,2978
6324,,20181029,1358,100,2978
6324,,20181029,1358,100,2979
6324,,20181029,1358,300,2980
6324,,20181029,1358,200,2980
6324,,20181029,1357,100,2983
6324,,20181029,1356,100,2983
6324,,20181029,1356,100,2984
6324,,20181029,1356,100,2984
6324,,20181029,1356,800,2986
6324,,20181029,1356,300,2984
6324,,20181029,1356,100,2984
6324,,20181029,1356,100,2984
6324,,20181029,1356,100,2984
6324,,20181029,1355,500,2986
6324,,20181029,1355,300,2985
6324,,20181029,1355,100,2983
6324,,20181029,1355,200,2983
6324,,20181029,1355,100,2983
6324,,20181029,1355,100,2986
6324,,20181029,1354,100,2985
6324,,20181029,1354,100,2985
6324,,20181029,1354,300,2985
6324,,20181029,1353,100,2986
6324,,20181029,1353,200,2986
6324,,20181029,1353,100,2986
6324,,20181029,1352,100,2988
6324,,20181029,1352,200,2990
6324,,20181029,1351,100,2987
6324,,20181029,1351,200,2988
6324,,20181029,1351,200,2991
6324,,20181029,1351,100,2989
6324,,20181029,1351,100,2990
6324,,20181029,1351,200,2989
6324,,20181029,1351,100,2989
6324,,20181029,1351,100,2990
6324,,20181029,1351,100,2993
6324,,20181029,1351,200,2994
6324,,20181029,1350,100,2997
6324,,20181029,1350,100,2998
6324,,20181029,1350,300,2995
6324,,20181029,1350,200,2996
6324,,20181029,1350,200,2997
6324,,20181029,1350,500,2997
6324,,20181029,1349,800,2998
6324,,20181029,1348,100,3000
6324,,20181029,1348,400,3000
6324,,20181029,1348,100,3000
6324,,20181029,1348,100,2998
6324,,20181029,1348,100,3000
6324,,20181029,1348,100,2999
6324,,20181029,1348,100,2999
6324,,20181029,1348,400,3000
6324,,20181029,1347,1000,3000
6324,,20181029,1345,200,3005
6324,,20181029,1345,200,3005
6324,,20181029,1345,100,3005
6324,,20181029,1345,100,3010
6324,,20181029,1344,300,3010
6324,,20181029,1344,100,3010
6324,,20181029,1344,300,3010
6324,,20181029,1343,200,3010
6324,,20181029,1342,700,3010
6324,,20181029,1342,200,3015
6324,,20181029,1342,200,3015
6324,,20181029,1342,100,3015
6324,,20181029,1340,600,3010
6324,,20181029,1339,100,3005
6324,,20181029,1339,300,3005
6324,,20181029,1339,600,3005
6324,,20181029,1339,200,3005
6324,,20181029,1339,1000,3005
6324,,20181029,1339,200,3005
6324,,20181029,1339,100,3005
6324,,20181029,1339,100,3005
6324,,20181029,1339,100,3000
6324,,20181029,1338,200,3000
6324,,20181029,1338,100,2997
6324,,20181029,1337,100,2999
6324,,20181029,1337,100,3000
6324,,20181029,1337,200,3000
6324,,20181029,1337,200,3000
6324,,20181029,1337,300,3000
6324,,20181029,1337,400,3000
6324,,20181029,1336,100,3005
6324,,20181029,1335,100,3005
6324,,20181029,1335,100,3005
6324,,20181029,1334,1100,2999
6324,,20181029,1334,500,2999
6324,,20181029,1334,500,3000
6324,,20181029,1334,100,3005
6324,,20181029,1334,100,3005
6324,,20181029,1334,200,3005
6324,,20181029,1332,100,3010
6324,,20181029,1331,100,3005
6324,,20181029,1331,700,3005
6324,,20181029,1331,100,3010
6324,,20181029,1331,100,3010
6324,,20181029,1331,400,3015
6324,,20181029,1328,1100,3020
6324,,20181029,1328,100,3020
6324,,20181029,1328,100,3015
6324,,20181029,1328,200,3015
6324,,20181029,1328,100,3010
6324,,20181029,1328,300,3010
6324,,20181029,1328,500,3015
6324,,20181029,1328,600,3015
6324,,20181029,1328,100,3020
6324,,20181029,1328,100,3020
6324,,20181029,1326,200,3015
6324,,20181029,1326,200,3015
6324,,20181029,1325,200,3015
6324,,20181029,1323,300,3010
6324,,20181029,1323,200,3015
6324,,20181029,1323,200,3015
6324,,20181029,1323,100,3010
6324,,20181029,1323,1700,3010
6324,,20181029,1321,200,3005
6324,,20181029,1321,100,3005
6324,,20181029,1321,100,3000
6324,,20181029,1321,100,3000
6324,,20181029,1321,200,3000
6324,,20181029,1321,500,3005
6324,,20181029,1321,600,3005
6324,,20181029,1320,400,3010
6324,,20181029,1320,200,3010
6324,,20181029,1320,200,3010
6324,,20181029,1319,100,3005
6324,,20181029,1319,300,3005
6324,,20181029,1319,100,3000
6324,,20181029,1319,100,3000
6324,,20181029,1319,100,3000
6324,,20181029,1319,100,3000
6324,,20181029,1319,100,3000
6324,,20181029,1319,100,3000
6324,,20181029,1319,100,2999
6324,,20181029,1319,300,2997
6324,,20181029,1319,100,2994
6324,,20181029,1319,100,2994
6324,,20181029,1319,100,2994
6324,,20181029,1319,100,2995
6324,,20181029,1319,400,2996
6324,,20181029,1318,100,2996
6324,,20181029,1318,100,2995
6324,,20181029,1318,500,2993
6324,,20181029,1318,100,2995
6324,,20181029,1318,100,2991
6324,,20181029,1318,100,2993
6324,,20181029,1318,400,2989
6324,,20181029,1317,100,2992
6324,,20181029,1317,100,2998
6324,,20181029,1317,200,2994
6324,,20181029,1317,200,2994
6324,,20181029,1317,300,2991
6324,,20181029,1317,400,2990
6324,,20181029,1316,100,2986
6324,,20181029,1316,100,2990
6324,,20181029,1315,200,2995
6324,,20181029,1315,100,2996
6324,,20181029,1315,200,2997
6324,,20181029,1314,100,2998
6324,,20181029,1314,200,2998
6324,,20181029,1314,100,2996
6324,,20181029,1314,100,2996
6324,,20181029,1314,100,2997
6324,,20181029,1313,200,2997
6324,,20181029,1313,200,2997
6324,,20181029,1313,200,2997
6324,,20181029,1313,100,2997
6324,,20181029,1312,300,2995
6324,,20181029,1312,100,2996
6324,,20181029,1312,100,3000
6324,,20181029,1312,100,3000
6324,,20181029,1312,200,3000
6324,,20181029,1310,100,3005
6324,,20181029,1310,100,2999
6324,,20181029,1310,200,3000
6324,,20181029,1309,100,3005
6324,,20181029,1308,200,3005
6324,,20181029,1308,400,3005
6324,,20181029,1307,400,3005
6324,,20181029,1307,100,3010
6324,,20181029,1307,100,3010
6324,,20181029,1307,100,3010
6324,,20181029,1307,300,3010
6324,,20181029,1306,100,3005
6324,,20181029,1306,100,3005
6324,,20181029,1306,100,3005
6324,,20181029,1306,900,3005
6324,,20181029,1306,100,3005
6324,,20181029,1306,100,3000
6324,,20181029,1305,100,3000
6324,,20181029,1305,100,3005
6324,,20181029,1305,700,3005
6324,,20181029,1305,100,3005
6324,,20181029,1305,100,2999
6324,,20181029,1305,100,2998
6324,,20181029,1305,200,2998
6324,,20181029,1304,100,2995
6324,,20181029,1304,100,2995
6324,,20181029,1302,500,2992
6324,,20181029,1302,500,2993
6324,,20181029,1302,100,2996
6324,,20181029,1302,100,2996
6324,,20181029,1302,100,2999
6324,,20181029,1302,200,2999
6324,,20181029,1302,200,3000
6324,,20181029,1302,300,2997
6324,,20181029,1302,200,2996
6324,,20181029,1302,100,2995
6324,,20181029,1302,100,2995
6324,,20181029,1302,100,2995
6324,,20181029,1302,300,2995
6324,,20181029,1302,100,2995
6324,,20181029,1302,200,2993
6324,,20181029,1302,100,2993
6324,,20181029,1301,100,2992
6324,,20181029,1301,100,2990
6324,,20181029,1300,100,2990
6324,,20181029,1300,200,2990
6324,,20181029,1300,100,2992
6324,,20181029,1300,100,2993
6324,,20181029,1300,100,2991
6324,,20181029,1300,100,2992
6324,,20181029,1300,100,2992
6324,,20181029,1300,100,2995
6324,,20181029,1300,100,2994
6324,,20181029,1300,200,2991
6324,,20181029,1300,100,2990
6324,,20181029,1300,100,2990
6324,,20181029,1300,200,2992
6324,,20181029,1300,1300,2989
6324,,20181029,1300,100,2988
6324,,20181029,1300,100,2987
6324,,20181029,1300,400,2986
6324,,20181029,1300,100,2986
6324,,20181029,1259,300,2984
6324,,20181029,1259,100,2984
6324,,20181029,1258,100,2982
6324,,20181029,1258,100,2983
6324,,20181029,1258,400,2984
6324,,20181029,1258,200,2987
6324,,20181029,1258,100,2986
6324,,20181029,1258,100,2982
6324,,20181029,1258,100,2982
6324,,20181029,1258,400,2986
6324,,20181029,1258,500,2986
6324,,20181029,1258,400,2984
6324,,20181029,1258,700,2983
6324,,20181029,1258,400,2982
6324,,20181029,1258,100,2982
6324,,20181029,1257,500,2982
6324,,20181029,1257,100,2981
6324,,20181029,1257,100,2981
6324,,20181029,1257,100,2980
6324,,20181029,1257,100,2980
6324,,20181029,1256,500,2980
6324,,20181029,1256,400,2982
6324,,20181029,1256,400,2984
6324,,20181029,1256,400,2984
6324,,20181029,1256,100,2984
6324,,20181029,1255,100,2984
6324,,20181029,1255,300,2985
6324,,20181029,1255,100,2985
6324,,20181029,1255,100,2986
6324,,20181029,1255,300,2986
6324,,20181029,1255,400,2987
6324,,20181029,1255,300,2988
6324,,20181029,1255,200,2989
6324,,20181029,1255,300,2990
6324,,20181029,1255,300,2994
6324,,20181029,1255,600,2995
6324,,20181029,1255,400,2996
6324,,20181029,1255,200,2997
6324,,20181029,1255,300,3000
6324,,20181029,1255,100,3005
6324,,20181029,1254,300,3005
6324,,20181029,1254,400,2999
6324,,20181029,1253,300,3000
6324,,20181029,1253,100,3005
6324,,20181029,1253,800,3005
6324,,20181029,1253,200,3005
6324,,20181029,1253,900,3005
6324,,20181029,1253,600,2999
6324,,20181029,1252,300,3005
6324,,20181029,1250,100,3005
6324,,20181029,1250,100,3000
6324,,20181029,1250,100,3000
6324,,20181029,1250,300,3005
6324,,20181029,1250,2000,3005
6324,,20181029,1249,100,2999
6324,,20181029,1249,200,3000
6324,,20181029,1249,100,2999
6324,,20181029,1249,100,2999
6324,,20181029,1249,800,3000
6324,,20181029,1249,200,3000
6324,,20181029,1248,100,3000
6324,,20181029,1248,200,3000
6324,,20181029,1248,100,3000
6324,,20181029,1248,100,3005
6324,,20181029,1248,100,3005
6324,,20181029,1248,100,3005
6324,,20181029,1248,300,3005
6324,,20181029,1248,1200,3005
6324,,20181029,1246,100,2999
6324,,20181029,1246,200,2998
6324,,20181029,1246,100,2999
6324,,20181029,1246,400,3000
6324,,20181029,1246,400,3005
6324,,20181029,1246,100,3005
6324,,20181029,1246,1000,3005
6324,,20181029,1246,700,3005
6324,,20181029,1246,200,3005
6324,,20181029,1246,100,3000
6324,,20181029,1245,200,2998
6324,,20181029,1245,100,2998
6324,,20181029,1244,100,2996
6324,,20181029,1244,700,3010
6324,,20181029,1244,400,3000
6324,,20181029,1244,100,3000
6324,,20181029,1244,3500,3000
6324,,20181029,1244,300,2999
6324,,20181029,1244,500,2999
6324,,20181029,1244,200,3000
6324,,20181029,1244,100,3000
6324,,20181029,1244,100,3000
6324,,20181029,1244,5400,3000
6324,,20181029,1244,700,3005
6324,,20181029,1243,300,3010
6324,,20181029,1243,1100,3015
6324,,20181029,1243,100,3010
6324,,20181029,1243,700,3010
6324,,20181029,1243,100,3015
6324,,20181029,1243,100,3015
6324,,20181029,1243,100,3020
6324,,20181029,1243,300,3020
6324,,20181029,1243,1000,3020
6324,,20181029,1242,100,3025
6324,,20181029,1242,800,3020
6324,,20181029,1241,400,3010
6324,,20181029,1241,700,3015
6324,,20181029,1241,900,3020
6324,,20181029,1241,100,3025
6324,,20181029,1241,100,3025
6324,,20181029,1241,700,3025
6324,,20181029,1241,100,3025
6324,,20181029,1239,300,3025
6324,,20181029,1239,100,3030
6324,,20181029,1239,500,3030
6324,,20181029,1239,100,3030
6324,,20181029,1239,100,3030
6324,,20181029,1239,300,3035
6324,,20181029,1239,800,3035
6324,,20181029,1239,300,3035
6324,,20181029,1239,200,3030
6324,,20181029,1239,400,3035
6324,,20181029,1239,100,3040
6324,,20181029,1239,500,3040
6324,,20181029,1239,100,3040
6324,,20181029,1239,100,3040
6324,,20181029,1238,100,3040
6324,,20181029,1238,200,3040
6324,,20181029,1238,100,3040
6324,,20181029,1237,200,3040
6324,,20181029,1237,200,3040
6324,,20181029,1237,200,3040
6324,,20181029,1237,200,3040
6324,,20181029,1237,100,3045
6324,,20181029,1237,500,3040
6324,,20181029,1237,200,3045
6324,,20181029,1237,400,3045
6324,,20181029,1235,100,3045
6324,,20181029,1235,100,3045
6324,,20181029,1235,700,3040
6324,,20181029,1235,100,3040
6324,,20181029,1235,100,3035
6324,,20181029,1235,100,3035
6324,,20181029,1235,200,3025
6324,,20181029,1235,200,3025
6324,,20181029,1235,200,3030
6324,,20181029,1234,300,3035
6324,,20181029,1234,100,3045
6324,,20181029,1234,500,3040
6324,,20181029,1234,300,3040
6324,,20181029,1234,100,3040
6324,,20181029,1234,400,3035
6324,,20181029,1234,100,3035
6324,,20181029,1234,100,3040
6324,,20181029,1234,300,3035
6324,,20181029,1233,100,3035
6324,,20181029,1233,100,3035
6324,,20181029,1233,100,3035
6324,,20181029,1233,300,3035
6324,,20181029,1233,100,3035
6324,,20181029,1233,200,3035
6324,,20181029,1233,100,3035
6324,,20181029,1233,200,3030
6324,,20181029,1233,100,3035
6324,,20181029,1233,100,3035
6324,,20181029,1233,100,3035
6324,,20181029,1233,100,3035
6324,,20181029,1233,100,3035
6324,,20181029,1233,200,3035
6324,,20181029,1233,100,3035
6324,,20181029,1232,200,3035
6324,,20181029,1232,800,3030
6324,,20181029,1232,200,3035
6324,,20181029,1232,800,3030
6324,,20181029,1232,100,3025
6324,,20181029,1232,300,3025
6324,,20181029,1232,200,3025
6324,,20181029,1231,100,3020
6324,,20181029,1230,200,3020
6324,,20181029,1230,900,3020
6324,,20181029,1230,100,3015
6324,,20181029,1230,100,3015
6324,,20181029,1230,400,3015
6324,,20181029,1230,100,3015
6324,,20181029,1230,300,3015
6324,,20181029,1230,200,3015
6324,,20181029,1230,1700,3015
6324,,20181029,1230,300,3015
6324,,20181029,1230,100,3015
6324,,20181029,1230,200,3010
6324,,20181029,1230,700,3010
6324,,20181029,1230,100,3000
6324,,20181029,1230,100,3000
6324,,20181029,1230,200,3005
6324,,20181029,1230,100,3005
6324,,20181029,1230,6700,3000
6324,,20181029,1130,200,3005
6324,,20181029,1129,100,3015
6324,,20181029,1129,200,3005
6324,,20181029,1129,100,3005
6324,,20181029,1127,100,3010
6324,,20181029,1127,500,3010
6324,,20181029,1127,100,3005
6324,,20181029,1125,100,3015
6324,,20181029,1125,500,3015
6324,,20181029,1125,6000,3010
6324,,20181029,1125,300,3010
6324,,20181029,1125,100,3010
6324,,20181029,1125,200,3025
6324,,20181029,1125,200,3020
6324,,20181029,1125,100,3020
6324,,20181029,1125,100,3020
6324,,20181029,1125,700,3015
6324,,20181029,1125,300,3020
6324,,20181029,1124,100,3030
6324,,20181029,1124,200,3025
6324,,20181029,1124,100,3025
6324,,20181029,1124,200,3020
6324,,20181029,1124,100,3015
6324,,20181029,1124,100,3030
6324,,20181029,1124,400,3020
6324,,20181029,1124,100,3015
6324,,20181029,1124,100,3020
6324,,20181029,1124,500,3015
6324,,20181029,1124,100,3010
6324,,20181029,1123,100,3010
6324,,20181029,1123,200,3015
6324,,20181029,1122,100,3020
6324,,20181029,1122,100,3030
6324,,20181029,1121,100,3020
6324,,20181029,1121,100,3030
6324,,20181029,1121,1000,3020
6324,,20181029,1121,100,3020
6324,,20181029,1121,100,3020
6324,,20181029,1121,100,3015
6324,,20181029,1121,100,3020
6324,,20181029,1121,100,3020
6324,,20181029,1121,200,3020
6324,,20181029,1121,100,3025
6324,,20181029,1121,600,3020
6324,,20181029,1121,200,3020
6324,,20181029,1120,100,3015
6324,,20181029,1120,300,3020
6324,,20181029,1120,1000,3015
6324,,20181029,1120,100,3015
6324,,20181029,1120,100,3015
6324,,20181029,1120,100,3015
6324,,20181029,1120,100,3015
6324,,20181029,1120,200,3015
6324,,20181029,1120,100,3010
6324,,20181029,1119,100,3010
6324,,20181029,1119,500,3010
6324,,20181029,1118,100,3015
6324,,20181029,1118,200,3015
6324,,20181029,1118,700,3015
6324,,20181029,1118,500,3010
6324,,20181029,1117,100,3000
6324,,20181029,1117,1200,3005
6324,,20181029,1117,200,2999
6324,,20181029,1117,100,2999
6324,,20181029,1116,100,3000
6324,,20181029,1116,100,2999
6324,,20181029,1116,200,2999
6324,,20181029,1116,100,2998
6324,,20181029,1116,100,2995
6324,,20181029,1116,400,2995
6324,,20181029,1116,100,2998
6324,,20181029,1116,300,2999
6324,,20181029,1115,200,2999
6324,,20181029,1115,300,3000
6324,,20181029,1115,200,3000
6324,,20181029,1114,200,3000
6324,,20181029,1113,900,3000
6324,,20181029,1112,1100,3005
6324,,20181029,1112,400,3005
6324,,20181029,1112,100,2999
6324,,20181029,1112,100,2999
6324,,20181029,1112,100,2996
6324,,20181029,1112,100,2998
6324,,20181029,1112,200,2997
6324,,20181029,1112,200,2997
6324,,20181029,1111,100,3000
6324,,20181029,1111,400,3000
6324,,20181029,1110,100,3000
6324,,20181029,1110,100,3000
6324,,20181029,1110,100,2998
6324,,20181029,1110,100,2998
6324,,20181029,1110,100,3000
6324,,20181029,1110,2200,3000
6324,,20181029,1109,100,3010
6324,,20181029,1108,100,3010
6324,,20181029,1108,200,3010
6324,,20181029,1108,200,3005
6324,,20181029,1108,100,3010
6324,,20181029,1108,100,3010
6324,,20181029,1108,100,3010
6324,,20181029,1108,200,3010
6324,,20181029,1107,200,3010
6324,,20181029,1107,600,3005
6324,,20181029,1107,100,3005
6324,,20181029,1106,100,3005
6324,,20181029,1106,200,3005
6324,,20181029,1106,200,3005
6324,,20181029,1106,200,3005
6324,,20181029,1106,1300,3005
6324,,20181029,1105,100,3000
6324,,20181029,1105,100,3005
6324,,20181029,1105,100,3000
6324,,20181029,1105,100,3000
6324,,20181029,1103,100,3005
6324,,20181029,1103,100,3005
6324,,20181029,1103,200,3005
6324,,20181029,1102,100,3010
6324,,20181029,1101,800,3015
6324,,20181029,1101,200,3010
6324,,20181029,1101,300,3005
6324,,20181029,1100,100,3010
6324,,20181029,1100,100,2997
6324,,20181029,1100,500,3005
6324,,20181029,1100,100,3005
6324,,20181029,1100,100,3010
6324,,20181029,1100,400,3005
6324,,20181029,1059,200,3000
6324,,20181029,1059,200,2999
6324,,20181029,1059,100,2999
6324,,20181029,1059,100,2999
6324,,20181029,1059,400,2989
6324,,20181029,1059,200,2991
6324,,20181029,1059,100,2992
6324,,20181029,1059,300,2993
6324,,20181029,1059,100,2999
6324,,20181029,1059,300,2999
6324,,20181029,1059,100,2999
6324,,20181029,1059,100,3000
6324,,20181029,1059,500,3005
6324,,20181029,1058,100,3010
6324,,20181029,1058,200,3010
6324,,20181029,1058,100,2998
6324,,20181029,1058,800,2998
6324,,20181029,1058,700,2997
6324,,20181029,1058,100,2997
6324,,20181029,1058,100,2995
6324,,20181029,1058,100,2994
6324,,20181029,1058,100,2990
6324,,20181029,1057,300,2994
6324,,20181029,1057,100,2992
6324,,20181029,1057,100,2992
6324,,20181029,1057,400,2992
6324,,20181029,1056,100,2991
6324,,20181029,1056,100,2997
6324,,20181029,1056,200,2997
6324,,20181029,1056,200,2998
6324,,20181029,1055,100,3005
6324,,20181029,1055,100,2997
6324,,20181029,1055,100,2999
6324,,20181029,1055,600,3000
6324,,20181029,1055,500,3005
6324,,20181029,1055,100,3005
6324,,20181029,1054,200,3010
6324,,20181029,1054,100,3010
6324,,20181029,1054,100,3005
6324,,20181029,1054,1300,3005
6324,,20181029,1054,200,3000
6324,,20181029,1054,400,3000
6324,,20181029,1054,200,3000
6324,,20181029,1054,100,2999
6324,,20181029,1054,100,3000
6324,,20181029,1054,100,2998
6324,,20181029,1054,100,2998
6324,,20181029,1053,100,3000
6324,,20181029,1053,200,2999
6324,,20181029,1053,100,2999
6324,,20181029,1053,100,3000
6324,,20181029,1053,400,3000
6324,,20181029,1053,1800,3000
6324,,20181029,1053,200,3005
6324,,20181029,1053,100,3005
6324,,20181029,1052,200,3005
6324,,20181029,1052,300,3005
6324,,20181029,1052,100,3005
6324,,20181029,1052,200,3005
6324,,20181029,1052,300,3005
6324,,20181029,1051,100,3010
6324,,20181029,1051,100,3010
6324,,20181029,1051,200,3010
6324,,20181029,1051,100,3010
6324,,20181029,1051,100,3010
6324,,20181029,1051,400,3010
6324,,20181029,1051,100,3010
6324,,20181029,1051,100,3010
6324,,20181029,1051,100,3010
6324,,20181029,1051,900,3015
6324,,20181029,1050,200,3010
6324,,20181029,1050,100,3010
6324,,20181029,1050,100,3010
6324,,20181029,1050,100,3010
6324,,20181029,1050,100,3015
6324,,20181029,1050,3300,3015
6324,,20181029,1050,100,3015
6324,,20181029,1050,3000,3015
6324,,20181029,1050,100,3015
6324,,20181029,1049,100,3020
6324,,20181029,1049,400,3020
6324,,20181029,1049,300,3020
6324,,20181029,1049,100,3025
6324,,20181029,1049,100,3020
6324,,20181029,1049,100,3020
6324,,20181029,1049,500,3020
6324,,20181029,1049,100,3020
6324,,20181029,1049,200,3020
6324,,20181029,1047,200,3020
6324,,20181029,1047,100,3025
6324,,20181029,1047,500,3025
6324,,20181029,1047,200,3025
6324,,20181029,1047,100,3025
6324,,20181029,1046,100,3020
6324,,20181029,1046,200,3020
6324,,20181029,1046,100,3020
6324,,20181029,1046,100,3015
6324,,20181029,1046,300,3015
6324,,20181029,1046,300,3010
6324,,20181029,1046,100,3015
6324,,20181029,1046,100,3015
6324,,20181029,1046,1000,3010
6324,,20181029,1045,100,3005
6324,,20181029,1045,100,3005
6324,,20181029,1045,100,3005
6324,,20181029,1045,100,3005
6324,,20181029,1045,100,3005
6324,,20181029,1045,200,3005
6324,,20181029,1045,200,3010
6324,,20181029,1045,300,3010
6324,,20181029,1045,200,3010
6324,,20181029,1045,200,3010
6324,,20181029,1044,100,3005
6324,,20181029,1044,100,3005
6324,,20181029,1044,200,3005
6324,,20181029,1044,100,3005
6324,,20181029,1044,100,3010
6324,,20181029,1044,400,3005
6324,,20181029,1044,600,3005
6324,,20181029,1044,100,3005
6324,,20181029,1044,100,3005
6324,,20181029,1043,300,3010
6324,,20181029,1043,200,3015
6324,,20181029,1043,100,3015
6324,,20181029,1043,100,3020
6324,,20181029,1043,400,3010
6324,,20181029,1043,500,3015
6324,,20181029,1043,400,3010
6324,,20181029,1043,100,3010
6324,,20181029,1043,300,3010
6324,,20181029,1043,200,3010
6324,,20181029,1043,700,3010
6324,,20181029,1043,100,3010
6324,,20181029,1043,100,3010
6324,,20181029,1043,100,3015
6324,,20181029,1043,400,3010
6324,,20181029,1043,100,3010
6324,,20181029,1043,200,3010
6324,,20181029,1043,100,3010
6324,,20181029,1043,100,3010
6324,,20181029,1043,200,3010
6324,,20181029,1042,300,3010
6324,,20181029,1042,300,3015
6324,,20181029,1042,100,3020
6324,,20181029,1042,100,3020
6324,,20181029,1042,100,3020
6324,,20181029,1042,200,3020
6324,,20181029,1042,600,3020
6324,,20181029,1042,100,3020
6324,,20181029,1042,200,3020
6324,,20181029,1041,100,3025
6324,,20181029,1041,200,3025
6324,,20181029,1041,200,3025
6324,,20181029,1041,100,3030
6324,,20181029,1041,100,3020
6324,,20181029,1041,600,3025
6324,,20181029,1041,100,3030
6324,,20181029,1041,100,3030
6324,,20181029,1041,100,3030
6324,,20181029,1041,100,3030
6324,,20181029,1041,400,3030
6324,,20181029,1041,200,3035
6324,,20181029,1041,200,3035
6324,,20181029,1041,500,3030
6324,,20181029,1041,3100,3030
6324,,20181029,1041,200,3030
6324,,20181029,1040,300,3025
6324,,20181029,1040,500,3030
6324,,20181029,1040,700,3030
6324,,20181029,1040,4900,3030
6324,,20181029,1040,1200,3035
6324,,20181029,1040,300,3040
6324,,20181029,1040,300,3040
6324,,20181029,1040,100,3040
6324,,20181029,1040,200,3040
6324,,20181029,1040,100,3040
6324,,20181029,1040,200,3040
6324,,20181029,1040,100,3045
6324,,20181029,1040,100,3045
6324,,20181029,1040,200,3045
6324,,20181029,1039,100,3045
6324,,20181029,1039,100,3050
6324,,20181029,1039,200,3050
6324,,20181029,1039,600,3050
6324,,20181029,1038,100,3050
6324,,20181029,1038,200,3045
6324,,20181029,1038,100,3045
6324,,20181029,1038,200,3050
6324,,20181029,1037,200,3055
6324,,20181029,1037,100,3060
6324,,20181029,1037,100,3060
6324,,20181029,1037,100,3065
6324,,20181029,1037,300,3060
6324,,20181029,1037,100,3060
6324,,20181029,1037,700,3060
6324,,20181029,1036,100,3060
6324,,20181029,1036,100,3060
6324,,20181029,1036,100,3060
6324,,20181029,1036,600,3060
6324,,20181029,1036,100,3065
6324,,20181029,1036,200,3065
6324,,20181029,1036,200,3065
6324,,20181029,1036,200,3070
6324,,20181029,1035,300,3065
6324,,20181029,1035,100,3070
6324,,20181029,1035,300,3065
6324,,20181029,1035,200,3070
6324,,20181029,1035,200,3070
6324,,20181029,1035,100,3070
6324,,20181029,1035,200,3070
6324,,20181029,1035,100,3070
6324,,20181029,1035,100,3070
6324,,20181029,1035,100,3070
6324,,20181029,1035,100,3070
6324,,20181029,1034,300,3070
6324,,20181029,1034,900,3070
6324,,20181029,1034,100,3075
6324,,20181029,1033,100,3075
6324,,20181029,1033,500,3075
6324,,20181029,1032,100,3075
6324,,20181029,1032,300,3075
6324,,20181029,1032,300,3075
6324,,20181029,1032,400,3075
6324,,20181029,1032,100,3075
6324,,20181029,1032,400,3075
6324,,20181029,1032,100,3075
6324,,20181029,1032,300,3080
6324,,20181029,1032,100,3085
6324,,20181029,1031,200,3090
6324,,20181029,1031,800,3085
6324,,20181029,1031,100,3085
6324,,20181029,1031,100,3080
6324,,20181029,1031,100,3080
6324,,20181029,1031,100,3080
6324,,20181029,1030,100,3090
6324,,20181029,1030,600,3080
6324,,20181029,1030,200,3080
6324,,20181029,1030,100,3085
6324,,20181029,1030,1200,3085
6324,,20181029,1030,100,3090
6324,,20181029,1030,100,3090
6324,,20181029,1030,100,3090
6324,,20181029,1030,100,3090
6324,,20181029,1030,100,3085
6324,,20181029,1030,200,3085
6324,,20181029,1030,100,3080
6324,,20181029,1029,100,3085
6324,,20181029,1029,100,3085
6324,,20181029,1029,200,3085
6324,,20181029,1029,100,3085
6324,,20181029,1029,100,3085
6324,,20181029,1029,300,3085
6324,,20181029,1029,100,3085
6324,,20181029,1029,200,3085
6324,,20181029,1029,400,3085
6324,,20181029,1029,200,3080
6324,,20181029,1028,300,3080
6324,,20181029,1028,700,3080
6324,,20181029,1028,200,3075
6324,,20181029,1028,100,3075
6324,,20181029,1028,1400,3075
6324,,20181029,1028,400,3070
6324,,20181029,1028,600,3070
6324,,20181029,1028,200,3065
6324,,20181029,1028,700,3065
6324,,20181029,1027,100,3065
6324,,20181029,1026,700,3065
6324,,20181029,1026,300,3065
6324,,20181029,1026,100,3070
6324,,20181029,1026,100,3065
6324,,20181029,1026,900,3065
6324,,20181029,1025,200,3070
6324,,20181029,1025,600,3070
6324,,20181029,1023,500,3070
6324,,20181029,1023,200,3065
6324,,20181029,1023,100,3065
6324,,20181029,1023,100,3070
6324,,20181029,1023,100,3075
6324,,20181029,1023,200,3070
6324,,20181029,1023,100,3070
6324,,20181029,1022,100,3070
6324,,20181029,1022,100,3070
6324,,20181029,1022,1400,3070
6324,,20181029,1021,600,3070
6324,,20181029,1021,200,3065
6324,,20181029,1021,100,3065
6324,,20181029,1021,100,3065
6324,,20181029,1021,400,3065
6324,,20181029,1020,400,3060
6324,,20181029,1020,200,3060
6324,,20181029,1020,200,3060
6324,,20181029,1020,600,3060
6324,,20181029,1020,100,3060
6324,,20181029,1020,200,3055
6324,,20181029,1019,200,3055
6324,,20181029,1019,200,3055
6324,,20181029,1019,200,3060
6324,,20181029,1018,400,3060
6324,,20181029,1018,300,3060
6324,,20181029,1018,100,3055
6324,,20181029,1018,100,3055
6324,,20181029,1017,500,3060
6324,,20181029,1017,300,3060
6324,,20181029,1016,100,3065
6324,,20181029,1016,100,3055
6324,,20181029,1016,200,3055
6324,,20181029,1016,200,3055
6324,,20181029,1016,100,3060
6324,,20181029,1016,200,3060
6324,,20181029,1016,200,3060
6324,,20181029,1016,500,3055
6324,,20181029,1016,100,3055
6324,,20181029,1016,300,3055
6324,,20181029,1016,300,3060
6324,,20181029,1016,100,3060
6324,,20181029,1015,500,3060
6324,,20181029,1015,100,3060
6324,,20181029,1015,200,3055
6324,,20181029,1015,200,3055
6324,,20181029,1015,100,3055
6324,,20181029,1015,200,3055
6324,,20181029,1015,200,3055
6324,,20181029,1015,400,3055
6324,,20181029,1014,100,3050
6324,,20181029,1014,300,3050
6324,,20181029,1014,200,3050
6324,,20181029,1013,200,3055
6324,,20181029,1013,100,3055
6324,,20181029,1013,100,3055
6324,,20181029,1013,100,3055
6324,,20181029,1013,100,3055
6324,,20181029,1013,200,3050
6324,,20181029,1013,1100,3050
6324,,20181029,1013,200,3050
6324,,20181029,1013,200,3045
6324,,20181029,1011,100,3045
6324,,20181029,1011,100,3045
6324,,20181029,1011,300,3045
6324,,20181029,1011,100,3045
6324,,20181029,1011,100,3045
6324,,20181029,1011,100,3045
6324,,20181029,1010,300,3045
6324,,20181029,1010,100,3045
6324,,20181029,1010,200,3040
6324,,20181029,1010,200,3040
6324,,20181029,1010,500,3040
6324,,20181029,1009,300,3040
6324,,20181029,1009,200,3040
6324,,20181029,1009,300,3040
6324,,20181029,1009,300,3040
6324,,20181029,1009,200,3040
6324,,20181029,1009,100,3040
6324,,20181029,1009,100,3035
6324,,20181029,1009,100,3035
6324,,20181029,1009,400,3035
6324,,20181029,1009,3500,3040
6324,,20181029,1009,100,3045
6324,,20181029,1009,100,3040
6324,,20181029,1008,100,3040
6324,,20181029,1008,100,3040
6324,,20181029,1008,100,3045
6324,,20181029,1008,100,3050
6324,,20181029,1008,100,3045
6324,,20181029,1008,400,3045
6324,,20181029,1008,100,3045
6324,,20181029,1007,100,3050
6324,,20181029,1007,100,3050
6324,,20181029,1007,100,3050
6324,,20181029,1007,100,3050
6324,,20181029,1006,300,3050
6324,,20181029,1006,200,3050
6324,,20181029,1006,100,3055
6324,,20181029,1005,300,3055
6324,,20181029,1005,200,3055
6324,,20181029,1005,300,3050
6324,,20181029,1005,100,3050
6324,,20181029,1005,100,3055
6324,,20181029,1005,200,3055
6324,,20181029,1004,100,3060
6324,,20181029,1004,100,3060
6324,,20181029,1003,100,3060
6324,,20181029,1002,100,3060
6324,,20181029,1002,200,3060
6324,,20181029,1002,100,3065
6324,,20181029,1002,100,3060
6324,,20181029,1001,200,3065
6324,,20181029,1001,100,3065
6324,,20181029,1001,100,3065
6324,,20181029,1001,600,3060
6324,,20181029,1001,400,3055
6324,,20181029,1001,900,3055
6324,,20181029,1001,100,3055
6324,,20181029,1000,200,3050
6324,,20181029,1000,200,3050
6324,,20181029,1000,200,3045
6324,,20181029,1000,200,3045
6324,,20181029,1000,400,3045
6324,,20181029,1000,3100,3050
6324,,20181029,1000,200,3050
6324,,20181029,0959,100,3055
6324,,20181029,0959,1200,3060
6324,,20181029,0959,100,3055
6324,,20181029,0959,100,3055
6324,,20181029,0959,100,3055
6324,,20181029,0959,100,3050
6324,,20181029,0959,100,3050
6324,,20181029,0959,100,3050
6324,,20181029,0959,200,3055
6324,,20181029,0958,100,3060
6324,,20181029,0958,200,3060
6324,,20181029,0958,100,3060
6324,,20181029,0958,100,3060
6324,,20181029,0958,100,3055
6324,,20181029,0957,200,3055
6324,,20181029,0957,400,3060
6324,,20181029,0957,400,3055
6324,,20181029,0957,3300,3060
6324,,20181029,0957,100,3065
6324,,20181029,0957,100,3065
6324,,20181029,0957,300,3065
6324,,20181029,0957,400,3060
6324,,20181029,0956,200,3065
6324,,20181029,0956,100,3065
6324,,20181029,0955,100,3065
6324,,20181029,0955,300,3065
6324,,20181029,0955,100,3065
6324,,20181029,0955,100,3065
6324,,20181029,0955,100,3065
6324,,20181029,0955,100,3070
6324,,20181029,0955,100,3065
6324,,20181029,0955,100,3065
6324,,20181029,0955,100,3065
6324,,20181029,0954,100,3065
6324,,20181029,0954,1500,3065
6324,,20181029,0954,100,3070
6324,,20181029,0954,100,3070
6324,,20181029,0953,100,3070
6324,,20181029,0953,200,3070
6324,,20181029,0953,100,3070
6324,,20181029,0952,100,3075
6324,,20181029,0952,400,3070
6324,,20181029,0951,100,3075
6324,,20181029,0951,200,3070
6324,,20181029,0951,100,3075
6324,,20181029,0951,900,3075
6324,,20181029,0950,100,3075
6324,,20181029,0950,200,3075
6324,,20181029,0950,100,3075
6324,,20181029,0949,100,3075
6324,,20181029,0949,100,3075
6324,,20181029,0949,100,3075
6324,,20181029,0949,100,3075
6324,,20181029,0949,300,3075
6324,,20181029,0948,200,3070
6324,,20181029,0948,300,3070
6324,,20181029,0948,500,3075
6324,,20181029,0948,300,3075
6324,,20181029,0948,100,3075
6324,,20181029,0948,200,3075
6324,,20181029,0948,300,3075
6324,,20181029,0948,100,3070
6324,,20181029,0947,100,3070
6324,,20181029,0947,200,3065
6324,,20181029,0946,100,3070
6324,,20181029,0946,300,3070
6324,,20181029,0946,100,3070
6324,,20181029,0945,100,3075
6324,,20181029,0945,100,3070
6324,,20181029,0944,100,3075
6324,,20181029,0944,100,3070
6324,,20181029,0944,100,3070
6324,,20181029,0944,100,3070
6324,,20181029,0944,100,3070
6324,,20181029,0944,100,3070
6324,,20181029,0944,100,3070
6324,,20181029,0944,100,3075
6324,,20181029,0943,200,3070
6324,,20181029,0943,400,3070
6324,,20181029,0943,100,3075
6324,,20181029,0943,200,3075
6324,,20181029,0943,100,3075
6324,,20181029,0943,300,3070
6324,,20181029,0942,100,3070
6324,,20181029,0942,100,3065
6324,,20181029,0942,400,3065
6324,,20181029,0942,600,3065
6324,,20181029,0942,200,3065
6324,,20181029,0942,100,3070
6324,,20181029,0941,1100,3070
6324,,20181029,0941,100,3070
6324,,20181029,0940,700,3075
6324,,20181029,0940,300,3080
6324,,20181029,0939,200,3075
6324,,20181029,0939,100,3080
6324,,20181029,0939,200,3080
6324,,20181029,0938,100,3080
6324,,20181029,0938,100,3085
6324,,20181029,0938,300,3085
6324,,20181029,0937,100,3075
6324,,20181029,0937,100,3080
6324,,20181029,0937,100,3085
6324,,20181029,0937,100,3085
6324,,20181029,0937,200,3085
6324,,20181029,0937,100,3085
6324,,20181029,0937,100,3080
6324,,20181029,0937,100,3080
6324,,20181029,0937,400,3080
6324,,20181029,0936,100,3080
6324,,20181029,0936,400,3075
6324,,20181029,0936,300,3075
6324,,20181029,0936,100,3080
6324,,20181029,0936,200,3080
6324,,20181029,0936,300,3080
6324,,20181029,0936,300,3085
6324,,20181029,0936,200,3090
6324,,20181029,0935,100,3085
6324,,20181029,0935,100,3090
6324,,20181029,0935,100,3090
6324,,20181029,0935,600,3090
6324,,20181029,0934,400,3095
6324,,20181029,0934,200,3095
6324,,20181029,0934,100,3100
6324,,20181029,0934,100,3100
6324,,20181029,0934,300,3095
6324,,20181029,0934,100,3100
6324,,20181029,0934,200,3100
6324,,20181029,0933,400,3100
6324,,20181029,0933,800,3105
6324,,20181029,0933,1000,3105
6324,,20181029,0933,400,3105
6324,,20181029,0933,100,3100
6324,,20181029,0933,100,3100
6324,,20181029,0933,700,3105
6324,,20181029,0933,100,3100
6324,,20181029,0933,100,3100
6324,,20181029,0933,100,3100
6324,,20181029,0933,1800,3100
6324,,20181029,0933,200,3100
6324,,20181029,0933,300,3100
6324,,20181029,0933,700,3100
6324,,20181029,0933,4400,3095
6324,,20181029,0932,100,3090
6324,,20181029,0932,200,3090
6324,,20181029,0932,100,3090
6324,,20181029,0932,200,3085
6324,,20181029,0932,400,3085
6324,,20181029,0932,400,3085
6324,,20181029,0932,1600,3085
6324,,20181029,0932,100,3085
6324,,20181029,0931,100,3085
6324,,20181029,0931,100,3090
6324,,20181029,0931,200,3090
6324,,20181029,0931,200,3090
6324,,20181029,0931,200,3090
6324,,20181029,0931,100,3090
6324,,20181029,0931,200,3085
6324,,20181029,0931,400,3085
6324,,20181029,0931,100,3085
6324,,20181029,0931,100,3095
6324,,20181029,0931,200,3090
6324,,20181029,0931,100,3090
6324,,20181029,0930,200,3085
6324,,20181029,0930,100,3085
6324,,20181029,0930,400,3085
6324,,20181029,0930,100,3085
6324,,20181029,0930,100,3080
6324,,20181029,0930,100,3080
6324,,20181029,0930,100,3085
6324,,20181029,0930,500,3080
6324,,20181029,0930,200,3085
6324,,20181029,0930,100,3085
6324,,20181029,0930,100,3080
6324,,20181029,0930,200,3085
6324,,20181029,0930,100,3085
6324,,20181029,0930,1400,3080
6324,,20181029,0930,100,3080
6324,,20181029,0930,1100,3075
6324,,20181029,0929,100,3070
6324,,20181029,0929,100,3070
6324,,20181029,0929,100,3070
6324,,20181029,0929,200,3070
6324,,20181029,0929,100,3070
6324,,20181029,0929,300,3070
6324,,20181029,0929,200,3065
6324,,20181029,0928,200,3070
6324,,20181029,0928,100,3065
6324,,20181029,0928,900,3065
6324,,20181029,0928,100,3070
6324,,20181029,0928,100,3070
6324,,20181029,0928,100,3070
6324,,20181029,0928,600,3070
6324,,20181029,0928,100,3070
6324,,20181029,0928,700,3065
6324,,20181029,0928,300,3065
6324,,20181029,0927,100,3065
6324,,20181029,0927,600,3060
6324,,20181029,0927,300,3060
6324,,20181029,0927,100,3065
6324,,20181029,0927,100,3070
6324,,20181029,0927,100,3070
6324,,20181029,0927,200,3070
6324,,20181029,0927,100,3070
6324,,20181029,0927,100,3070
6324,,20181029,0927,200,3070
6324,,20181029,0927,400,3065
6324,,20181029,0927,100,3065
6324,,20181029,0927,100,3065
6324,,20181029,0927,100,3065
6324,,20181029,0926,100,3070
6324,,20181029,0926,200,3070
6324,,20181029,0926,100,3070
6324,,20181029,0926,300,3070
6324,,20181029,0926,100,3070
6324,,20181029,0926,100,3075
6324,,20181029,0926,200,3070
6324,,20181029,0926,300,3070
6324,,20181029,0925,100,3070
6324,,20181029,0924,100,3070
6324,,20181029,0924,100,3070
6324,,20181029,0924,100,3070
6324,,20181029,0924,100,3070
6324,,20181029,0924,400,3065
6324,,20181029,0924,300,3070
6324,,20181029,0924,100,3075
6324,,20181029,0924,100,3070
6324,,20181029,0924,300,3070
6324,,20181029,0923,100,3070
6324,,20181029,0923,100,3070
6324,,20181029,0923,100,3070
6324,,20181029,0923,100,3075
6324,,20181029,0923,100,3070
6324,,20181029,0923,200,3070
6324,,20181029,0923,100,3070
6324,,20181029,0923,100,3070
6324,,20181029,0922,200,3070
6324,,20181029,0922,300,3070
6324,,20181029,0922,1000,3070
6324,,20181029,0922,300,3065
6324,,20181029,0922,500,3065
6324,,20181029,0922,100,3065
6324,,20181029,0922,100,3065
6324,,20181029,0922,100,3065
6324,,20181029,0921,100,3065
6324,,20181029,0921,100,3070
6324,,20181029,0921,100,3070
6324,,20181029,0921,100,3065
6324,,20181029,0921,500,3070
6324,,20181029,0921,100,3070
6324,,20181029,0921,300,3065
6324,,20181029,0921,200,3070
6324,,20181029,0921,100,3070
6324,,20181029,0921,300,3070
6324,,20181029,0920,300,3075
6324,,20181029,0920,100,3075
6324,,20181029,0920,100,3080
6324,,20181029,0920,300,3075
6324,,20181029,0920,300,3075
6324,,20181029,0920,100,3080
6324,,20181029,0920,100,3085
6324,,20181029,0920,100,3080
6324,,20181029,0920,200,3075
6324,,20181029,0919,100,3075
6324,,20181029,0919,200,3080
6324,,20181029,0919,200,3080
6324,,20181029,0919,100,3080
6324,,20181029,0919,200,3080
6324,,20181029,0919,100,3080
6324,,20181029,0919,100,3080
6324,,20181029,0919,100,3085
6324,,20181029,0919,300,3085
6324,,20181029,0919,100,3085
6324,,20181029,0919,200,3080
6324,,20181029,0919,100,3080
6324,,20181029,0918,300,3075
6324,,20181029,0918,100,3075
6324,,20181029,0918,200,3075
6324,,20181029,0918,500,3080
6324,,20181029,0918,300,3085
6324,,20181029,0917,100,3080
6324,,20181029,0917,200,3080
6324,,20181029,0917,100,3075
6324,,20181029,0917,100,3080
6324,,20181029,0917,100,3080
6324,,20181029,0917,500,3075
6324,,20181029,0917,300,3075
6324,,20181029,0917,100,3075
6324,,20181029,0917,100,3075
6324,,20181029,0916,100,3070
6324,,20181029,0916,100,3070
6324,,20181029,0916,400,3070
6324,,20181029,0916,400,3070
6324,,20181029,0916,100,3065
6324,,20181029,0916,100,3065
6324,,20181029,0916,200,3065
6324,,20181029,0916,100,3065
6324,,20181029,0916,400,3065
6324,,20181029,0916,200,3065
6324,,20181029,0916,400,3065
6324,,20181029,0916,900,3065
6324,,20181029,0916,400,3065
6324,,20181029,0916,100,3065
6324,,20181029,0916,200,3065
6324,,20181029,0916,800,3065
6324,,20181029,0916,600,3070
6324,,20181029,0915,400,3070
6324,,20181029,0915,100,3070
6324,,20181029,0915,200,3070
6324,,20181029,0915,100,3075
6324,,20181029,0915,300,3075
6324,,20181029,0915,4900,3070
6324,,20181029,0915,200,3070
6324,,20181029,0915,100,3065
6324,,20181029,0915,100,3065
6324,,20181029,0915,100,3060
6324,,20181029,0915,300,3060
6324,,20181029,0915,400,3060
6324,,20181029,0915,300,3060
6324,,20181029,0915,100,3055
6324,,20181029,0915,100,3055
6324,,20181029,0915,300,3055
6324,,20181029,0915,500,3060
6324,,20181029,0915,500,3065
6324,,20181029,0915,300,3075
6324,,20181029,0915,2500,3070
6324,,20181029,0915,1700,3070
6324,,20181029,0915,100,3075
6324,,20181029,0915,100,3075
6324,,20181029,0915,100,3075
6324,,20181029,0915,100,3075
6324,,20181029,0915,100,3075
6324,,20181029,0915,100,3075
6324,,20181029,0915,100,3075
6324,,20181029,0915,500,3075
6324,,20181029,0915,200,3075
6324,,20181029,0915,500,3070
6324,,20181029,0914,200,3065
6324,,20181029,0914,100,3060
6324,,20181029,0914,200,3055
6324,,20181029,0914,100,3065
6324,,20181029,0914,300,3060
6324,,20181029,0914,100,3055
6324,,20181029,0914,100,3060
6324,,20181029,0914,100,3065
6324,,20181029,0914,500,3060
6324,,20181029,0914,500,3065
6324,,20181029,0914,600,3060
6324,,20181029,0914,100,3060
6324,,20181029,0914,100,3055
6324,,20181029,0914,100,3055
6324,,20181029,0914,100,3060
6324,,20181029,0914,100,3060
6324,,20181029,0914,100,3060
6324,,20181029,0914,300,3055
6324,,20181029,0914,100,3055
6324,,20181029,0914,400,3060
6324,,20181029,0913,100,3060
6324,,20181029,0913,100,3070
6324,,20181029,0913,100,3060
6324,,20181029,0913,100,3060
6324,,20181029,0913,100,3070
6324,,20181029,0913,100,3075
6324,,20181029,0913,1000,3065
6324,,20181029,0913,100,3075
6324,,20181029,0912,600,3075
6324,,20181029,0912,100,3075
6324,,20181029,0912,100,3065
6324,,20181029,0912,600,3070
6324,,20181029,0912,100,3070
6324,,20181029,0912,200,3060
6324,,20181029,0912,100,3060
6324,,20181029,0912,200,3065
6324,,20181029,0912,100,3065
6324,,20181029,0911,100,3065
6324,,20181029,0911,300,3060
6324,,20181029,0911,200,3055
6324,,20181029,0911,500,3055
6324,,20181029,0911,700,3060
6324,,20181029,0911,1200,3060
6324,,20181029,0911,1300,3060
6324,,20181029,0911,100,3060
6324,,20181029,0911,100,3060
6324,,20181029,0911,200,3060
6324,,20181029,0911,300,3065
6324,,20181029,0911,300,3075
6324,,20181029,0911,100,3075
6324,,20181029,0911,100,3075
6324,,20181029,0911,200,3070
6324,,20181029,0911,100,3070
6324,,20181029,0911,100,3070
6324,,20181029,0911,300,3080
6324,,20181029,0911,100,3080
6324,,20181029,0911,3200,3075
6324,,20181029,0911,600,3080
6324,,20181029,0911,100,3090
6324,,20181029,0911,300,3085
6324,,20181029,0911,300,3090
6324,,20181029,0911,100,3095
6324,,20181029,0911,100,3100
6324,,20181029,0911,100,3095
6324,,20181029,0911,100,3095
6324,,20181029,0911,100,3095
6324,,20181029,0911,100,3095
6324,,20181029,0910,100,3105
6324,,20181029,0910,200,3105
6324,,20181029,0910,200,3105
6324,,20181029,0910,300,3100
6324,,20181029,0910,300,3100
6324,,20181029,0910,300,3100
6324,,20181029,0910,200,3095
6324,,20181029,0910,200,3095
6324,,20181029,0910,100,3100
6324,,20181029,0910,200,3100
6324,,20181029,0910,100,3105
6324,,20181029,0910,100,3100
6324,,20181029,0910,100,3100
6324,,20181029,0910,100,3110
6324,,20181029,0909,100,3100
6324,,20181029,0909,100,3110
6324,,20181029,0909,200,3105
6324,,20181029,0909,100,3105
6324,,20181029,0909,100,3105
6324,,20181029,0909,600,3100
6324,,20181029,0909,100,3100
6324,,20181029,0909,100,3100
6324,,20181029,0909,900,3095
6324,,20181029,0909,200,3095
6324,,20181029,0908,100,3100
6324,,20181029,0908,100,3095
6324,,20181029,0908,100,3100
6324,,20181029,0908,100,3090
6324,,20181029,0908,100,3095
6324,,20181029,0908,300,3095
6324,,20181029,0908,200,3090
6324,,20181029,0908,100,3095
6324,,20181029,0908,400,3100
6324,,20181029,0908,100,3090
6324,,20181029,0908,600,3100
6324,,20181029,0908,600,3095
6324,,20181029,0907,100,3100
6324,,20181029,0907,100,3100
6324,,20181029,0907,200,3100
6324,,20181029,0907,200,3100
6324,,20181029,0906,200,3105
6324,,20181029,0906,200,3095
6324,,20181029,0906,200,3100
6324,,20181029,0906,100,3105
6324,,20181029,0906,300,3110
6324,,20181029,0906,100,3110
6324,,20181029,0906,100,3120
6324,,20181029,0905,100,3110
6324,,20181029,0905,100,3110
6324,,20181029,0905,200,3115
6324,,20181029,0905,100,3115
6324,,20181029,0905,100,3115
6324,,20181029,0905,200,3115
6324,,20181029,0905,100,3115
6324,,20181029,0905,300,3120
6324,,20181029,0905,100,3125
6324,,20181029,0905,200,3130
6324,,20181029,0905,100,3125
6324,,20181029,0905,100,3125
6324,,20181029,0905,200,3125
6324,,20181029,0905,200,3125
6324,,20181029,0905,100,3125
6324,,20181029,0905,200,3125
6324,,20181029,0905,800,3120
6324,,20181029,0905,100,3120
6324,,20181029,0905,200,3115
6324,,20181029,0905,200,3115
6324,,20181029,0905,100,3120
6324,,20181029,0905,300,3115
6324,,20181029,0905,200,3115
6324,,20181029,0905,100,3115
6324,,20181029,0905,100,3110
6324,,20181029,0905,300,3110
6324,,20181029,0904,200,3105
6324,,20181029,0904,200,3100
6324,,20181029,0904,100,3100
6324,,20181029,0904,800,3095
6324,,20181029,0904,300,3095
6324,,20181029,0904,100,3100
6324,,20181029,0904,100,3100
6324,,20181029,0904,100,3110
6324,,20181029,0904,100,3100
6324,,20181029,0904,100,3105
6324,,20181029,0904,100,3110
6324,,20181029,0904,200,3105
6324,,20181029,0904,200,3105
6324,,20181029,0904,2000,3100
6324,,20181029,0904,200,3095
6324,,20181029,0904,100,3095
6324,,20181029,0904,100,3095
6324,,20181029,0904,100,3080
6324,,20181029,0904,300,3090
6324,,20181029,0904,100,3090
6324,,20181029,0904,900,3085
6324,,20181029,0904,100,3085
6324,,20181029,0904,100,3080
6324,,20181029,0904,100,3080
6324,,20181029,0904,500,3075
6324,,20181029,0903,1200,3080
6324,,20181029,0903,100,3075
6324,,20181029,0903,300,3085
6324,,20181029,0903,1800,3075
6324,,20181029,0903,100,3075
6324,,20181029,0903,200,3075
6324,,20181029,0903,100,3085
6324,,20181029,0903,100,3085
6324,,20181029,0903,200,3080
6324,,20181029,0903,100,3085
6324,,20181029,0903,200,3080
6324,,20181029,0903,200,3080
6324,,20181029,0903,1100,3080
6324,,20181029,0903,100,3085
6324,,20181029,0903,100,3085
6324,,20181029,0903,600,3075
6324,,20181029,0903,100,3080
6324,,20181029,0903,500,3075
6324,,20181029,0903,100,3070
6324,,20181029,0903,200,3065
6324,,20181029,0903,3900,3060
6324,,20181029,0903,200,3055
6324,,20181029,0903,200,3055
6324,,20181029,0903,200,3045
6324,,20181029,0903,600,3050
6324,,20181029,0903,1100,3050
6324,,20181029,0903,400,3045
6324,,20181029,0903,100,3030
6324,,20181029,0903,200,3030
6324,,20181029,0903,100,3040
6324,,20181029,0903,100,3040
6324,,20181029,0903,22600,3040